ID,Name,GEO_ID,Pct_Pov,Pct_HS25,Pct_Bach25,Med_Inc,Pct_UE16
1,"Census Tract 1.01, Milwaukee County, Wisconsin",55079000101,31,89.3,34.1,35485,9.8
2,"Census Tract 1.02, Milwaukee County, Wisconsin",55079000102,21.5,90.3,29.5,44177,2.1
3,"Census Tract 2.01, Milwaukee County, Wisconsin",55079000201,27.5,80.9,17.4,35962,7.2
4,"Census Tract 2.02, Milwaukee County, Wisconsin",55079000202,10.2,89.3,30.1,63193,5.6
5,"Census Tract 3.01, Milwaukee County, Wisconsin",55079000301,2.8,94.8,34.1,72273,2.1
6,"Census Tract 3.02, Milwaukee County, Wisconsin",55079000302,21.6,90.9,18.8,47623,10.3
7,"Census Tract 3.03, Milwaukee County, Wisconsin",55079000303,31.9,88.2,14.6,54050,3.1
8,"Census Tract 3.04, Milwaukee County, Wisconsin",55079000304,10.2,89.7,34.1,69205,10.1
9,"Census Tract 4, Milwaukee County, Wisconsin",55079000400,31.7,84.3,16.3,32731,10.8
10,"Census Tract 5.01, Milwaukee County, Wisconsin",55079000501,26.8,92.9,17.1,53809,8
11,"Census Tract 5.02, Milwaukee County, Wisconsin",55079000502,28.1,80.7,13.9,39561,9.3
12,"Census Tract 6, Milwaukee County, Wisconsin",55079000600,27.1,87.7,12.1,49384,10.2
13,"Census Tract 7, Milwaukee County, Wisconsin",55079000700,32.6,86.1,20.9,46369,8.1
14,"Census Tract 8, Milwaukee County, Wisconsin",55079000800,29.4,85.7,25.3,45888,9.3
15,"Census Tract 9, Milwaukee County, Wisconsin",55079000900,39.8,94.9,18.8,40037,8.1
16,"Census Tract 10, Milwaukee County, Wisconsin",55079001000,23,86.8,8,32138,7.6
17,"Census Tract 11, Milwaukee County, Wisconsin",55079001100,30.3,84,12.3,33636,3.8
18,"Census Tract 12, Milwaukee County, Wisconsin",55079001200,48.7,82.6,7.5,27017,17.9
19,"Census Tract 13, Milwaukee County, Wisconsin",55079001300,27.9,80,14,39558,5
20,"Census Tract 14, Milwaukee County, Wisconsin",55079001400,32.3,81,13.1,41614,7.2
21,"Census Tract 15, Milwaukee County, Wisconsin",55079001500,41.7,81.2,9.7,35541,15.7
22,"Census Tract 16, Milwaukee County, Wisconsin",55079001600,24.6,85.6,9.5,41375,7.6
23,"Census Tract 17, Milwaukee County, Wisconsin",55079001700,30.4,89.1,12.5,46306,14.5
24,"Census Tract 18, Milwaukee County, Wisconsin",55079001800,21.2,82.7,10.7,36202,7.4
25,"Census Tract 19, Milwaukee County, Wisconsin",55079001900,41.6,84.6,13.3,37526,11.7
26,"Census Tract 20, Milwaukee County, Wisconsin",55079002000,43,77.3,14.3,34509,14.2
27,"Census Tract 21, Milwaukee County, Wisconsin",55079002100,47.1,83.5,4.4,25217,9.7
28,"Census Tract 22, Milwaukee County, Wisconsin",55079002200,30.6,88.1,18.2,31358,10.2
29,"Census Tract 23, Milwaukee County, Wisconsin",55079002300,28.5,84.8,15.8,35941,17.6
30,"Census Tract 24, Milwaukee County, Wisconsin",55079002400,50.5,91.7,9.4,28493,6.3
31,"Census Tract 25, Milwaukee County, Wisconsin",55079002500,36.2,87.2,9.7,34861,18.5
32,"Census Tract 26, Milwaukee County, Wisconsin",55079002600,43.9,87.2,9.5,29650,7
33,"Census Tract 27, Milwaukee County, Wisconsin",55079002700,43.2,94.8,11,24531,5.9
34,"Census Tract 28, Milwaukee County, Wisconsin",55079002800,32.3,83,4.6,29676,13.5
35,"Census Tract 29, Milwaukee County, Wisconsin",55079002900,27.8,79.5,13.5,31944,6.6
36,"Census Tract 30, Milwaukee County, Wisconsin",55079003000,42.2,80.3,14.7,43291,12.4
37,"Census Tract 31, Milwaukee County, Wisconsin",55079003100,26.2,84,15,46860,12.3
38,"Census Tract 32, Milwaukee County, Wisconsin",55079003200,33.1,86.3,19.2,46280,13
39,"Census Tract 33, Milwaukee County, Wisconsin",55079003300,25.8,89.5,23.1,44201,5.9
40,"Census Tract 34, Milwaukee County, Wisconsin",55079003400,14.1,90.7,29.2,40735,2.9
41,"Census Tract 35, Milwaukee County, Wisconsin",55079003500,41.8,80.7,17.8,48583,7.7
42,"Census Tract 36, Milwaukee County, Wisconsin",55079003600,36.6,89.7,19,32837,10.2
43,"Census Tract 37, Milwaukee County, Wisconsin",55079003700,29.4,92.1,19.5,45481,2.5
44,"Census Tract 38, Milwaukee County, Wisconsin",55079003800,13.2,88.3,21.2,37353,8.7
45,"Census Tract 39, Milwaukee County, Wisconsin",55079003900,23,87.8,18.1,32928,11
46,"Census Tract 40, Milwaukee County, Wisconsin",55079004000,31.4,88.8,15.9,25966,5.4
47,"Census Tract 41, Milwaukee County, Wisconsin",55079004100,25.3,86.6,17.7,31675,6.5
48,"Census Tract 42, Milwaukee County, Wisconsin",55079004200,43.5,77.9,5.8,27152,20
49,"Census Tract 43, Milwaukee County, Wisconsin",55079004300,35,86,21.5,31932,13.4
50,"Census Tract 44, Milwaukee County, Wisconsin",55079004400,35.1,81.2,13.9,30563,6.4
51,"Census Tract 45, Milwaukee County, Wisconsin",55079004500,43.3,80.5,4.8,27862,19.3
52,"Census Tract 46, Milwaukee County, Wisconsin",55079004600,29,80.3,10.3,30139,16.7
53,"Census Tract 47, Milwaukee County, Wisconsin",55079004700,52.3,76.2,6.9,27574,11.7
54,"Census Tract 48, Milwaukee County, Wisconsin",55079004800,34.9,74,6,35261,10.7
55,"Census Tract 49, Milwaukee County, Wisconsin",55079004900,18.6,93.1,25.3,41556,8.1
56,"Census Tract 50, Milwaukee County, Wisconsin",55079005000,19.9,89.2,28.8,48731,6.1
57,"Census Tract 51, Milwaukee County, Wisconsin",55079005100,39.9,79.9,11.9,31860,10.8
58,"Census Tract 52, Milwaukee County, Wisconsin",55079005200,17.9,90.7,25.6,55197,2.6
59,"Census Tract 53, Milwaukee County, Wisconsin",55079005300,5.5,95.8,31.7,57188,4.7
60,"Census Tract 54, Milwaukee County, Wisconsin",55079005400,21.3,95.8,36.7,47065,4.5
61,"Census Tract 55, Milwaukee County, Wisconsin",55079005500,3.4,94.9,41.4,77857,4.7
62,"Census Tract 56, Milwaukee County, Wisconsin",55079005600,12,94.3,51.4,71756,2.1
63,"Census Tract 57, Milwaukee County, Wisconsin",55079005700,14.1,98.1,42.1,72125,5
64,"Census Tract 58, Milwaukee County, Wisconsin",55079005800,19.3,93.5,50.1,65946,5.1
65,"Census Tract 59, Milwaukee County, Wisconsin",55079005900,29.2,92.4,22,37917,6.1
66,"Census Tract 60, Milwaukee County, Wisconsin",55079006000,41.2,83.2,11.5,30389,12.3
67,"Census Tract 61, Milwaukee County, Wisconsin",55079006100,44.8,81.8,25.4,37455,5.8
68,"Census Tract 62, Milwaukee County, Wisconsin",55079006200,34.4,84.4,10.5,30587,8
69,"Census Tract 63, Milwaukee County, Wisconsin",55079006300,66.1,73.9,5.8,24651,15.4
70,"Census Tract 64, Milwaukee County, Wisconsin",55079006400,64.6,72,0.5,22683,14
71,"Census Tract 65, Milwaukee County, Wisconsin",55079006500,44.3,69.9,8,19362,14.1
72,"Census Tract 66, Milwaukee County, Wisconsin",55079006600,33.8,72.9,8.3,23750,14
73,"Census Tract 67, Milwaukee County, Wisconsin",55079006700,45.8,74.5,15.1,27037,8.5
74,"Census Tract 68, Milwaukee County, Wisconsin",55079006800,42.9,78.7,5.5,23167,16.1
75,"Census Tract 69, Milwaukee County, Wisconsin",55079006900,41.2,83.2,4.6,22108,14.8
76,"Census Tract 70, Milwaukee County, Wisconsin",55079007000,56.7,79.2,7.9,19572,11.9
77,"Census Tract 71, Milwaukee County, Wisconsin",55079007100,22.6,93.4,48.4,53417,2.2
78,"Census Tract 72, Milwaukee County, Wisconsin",55079007200,26.2,92.2,46.1,52668,8.6
79,"Census Tract 73, Milwaukee County, Wisconsin",55079007300,61.3,98.1,66.3,55269,4.6
80,"Census Tract 74, Milwaukee County, Wisconsin",55079007400,56.6,99.5,81.5,113375,0.5
81,"Census Tract 75, Milwaukee County, Wisconsin",55079007500,45.3,98.2,81.9,87500,4.7
82,"Census Tract 76, Milwaukee County, Wisconsin",55079007600,19.7,96.3,67.2,54688,2
83,"Census Tract 77, Milwaukee County, Wisconsin",55079007700,36.3,98.9,66.6,35842,2.6
84,"Census Tract 78, Milwaukee County, Wisconsin",55079007800,60.9,92.2,50.7,31693,4.1
85,"Census Tract 79, Milwaukee County, Wisconsin",55079007900,12.9,95.5,51.9,47281,2.2
86,"Census Tract 80, Milwaukee County, Wisconsin",55079008000,29,94.9,44.6,44402,3.9
87,"Census Tract 81, Milwaukee County, Wisconsin",55079008100,38.8,74.6,13.9,22344,7.7
88,"Census Tract 84, Milwaukee County, Wisconsin",55079008400,45,74.3,7.7,18219,24.3
89,"Census Tract 85, Milwaukee County, Wisconsin",55079008500,30.3,84.4,9,20543,14.4
90,"Census Tract 86, Milwaukee County, Wisconsin",55079008600,46.4,82.4,7.1,39583,13.4
91,"Census Tract 87, Milwaukee County, Wisconsin",55079008700,50,62.9,11.7,14470,2.1
92,"Census Tract 88, Milwaukee County, Wisconsin",55079008800,50.4,71.3,6.1,18517,20.6
93,"Census Tract 89, Milwaukee County, Wisconsin",55079008900,53.2,84.5,6.4,25457,8.3
94,"Census Tract 90, Milwaukee County, Wisconsin",55079009000,50,77.6,6.9,28843,7.5
95,"Census Tract 91, Milwaukee County, Wisconsin",55079009100,51,84.9,16.4,26218,15.3
96,"Census Tract 92, Milwaukee County, Wisconsin",55079009200,32.2,84.9,25.5,37159,11.1
97,"Census Tract 93, Milwaukee County, Wisconsin",55079009300,20.5,91.4,42.2,63875,8.4
98,"Census Tract 94, Milwaukee County, Wisconsin",55079009400,7.5,96.6,57.4,75184,2.6
99,"Census Tract 95, Milwaukee County, Wisconsin",55079009500,11.2,95.6,55.9,72125,5.7
100,"Census Tract 96, Milwaukee County, Wisconsin",55079009600,44.8,67.6,4.8,27267,13.5
101,"Census Tract 97, Milwaukee County, Wisconsin",55079009700,40.7,52.7,9.2,28438,4.4
102,"Census Tract 98, Milwaukee County, Wisconsin",55079009800,55.3,79.9,5.2,22857,21.5
103,"Census Tract 99, Milwaukee County, Wisconsin",55079009900,30.2,83.5,7.2,31458,16.6
104,"Census Tract 106, Milwaukee County, Wisconsin",55079010600,17.3,86.1,26.9,47500,9.3
105,"Census Tract 107, Milwaukee County, Wisconsin",55079010700,14.9,91.5,49.5,57267,5.4
106,"Census Tract 108, Milwaukee County, Wisconsin",55079010800,23,99,62.8,42083,1.3
107,"Census Tract 110, Milwaukee County, Wisconsin",55079011000,24.3,97.5,52.2,35243,3.4
108,"Census Tract 111, Milwaukee County, Wisconsin",55079011100,25.3,97.1,61.5,45807,4.5
109,"Census Tract 112, Milwaukee County, Wisconsin",55079011200,30.3,87.2,58.5,49679,0.8
110,"Census Tract 113, Milwaukee County, Wisconsin",55079011300,24.6,95.8,71.4,75123,0.6
111,"Census Tract 114, Milwaukee County, Wisconsin",55079011400,4.1,96.7,76,73864,2.8
112,"Census Tract 122, Milwaukee County, Wisconsin",55079012200,50.8,70.7,15,21694,9.1
113,"Census Tract 123, Milwaukee County, Wisconsin",55079012300,42.6,86.7,19.7,19702,4.7
114,"Census Tract 124, Milwaukee County, Wisconsin",55079012400,9.5,96.8,41.3,50761,3.6
115,"Census Tract 125, Milwaukee County, Wisconsin",55079012500,13.7,97.2,53.4,71581,3
116,"Census Tract 126, Milwaukee County, Wisconsin",55079012600,16.7,98.4,39.5,52796,2.3
117,"Census Tract 127, Milwaukee County, Wisconsin",55079012700,25.2,91.9,45.1,66688,3
118,"Census Tract 128, Milwaukee County, Wisconsin",55079012800,36.4,94.7,37.8,49312,3.7
119,"Census Tract 129, Milwaukee County, Wisconsin",55079012900,34.9,91.7,23.1,46627,7.6
120,"Census Tract 130, Milwaukee County, Wisconsin",55079013000,24.5,84.9,20.8,53214,6.5
121,"Census Tract 133, Milwaukee County, Wisconsin",55079013300,30.6,86.2,21.2,32773,3.7
122,"Census Tract 134, Milwaukee County, Wisconsin",55079013400,40.6,81.4,3.1,22346,7.8
123,"Census Tract 135, Milwaukee County, Wisconsin",55079013500,48.5,82.1,8.4,17429,14.6
124,"Census Tract 136, Milwaukee County, Wisconsin",55079013600,56.5,76.7,12.3,15704,14.2
125,"Census Tract 137, Milwaukee County, Wisconsin",55079013700,51.3,79,8.7,16914,10
126,"Census Tract 141, Milwaukee County, Wisconsin",55079014100,47.8,93.1,20.1,17326,4.5
127,"Census Tract 143, Milwaukee County, Wisconsin",55079014300,19.4,98.8,71.1,57697,4.1
128,"Census Tract 144, Milwaukee County, Wisconsin",55079014400,23.2,99.2,72.3,67075,1.8
129,"Census Tract 146, Milwaukee County, Wisconsin",55079014600,66.2,86.6,34.1,17101,6.9
130,"Census Tract 147, Milwaukee County, Wisconsin",55079014700,78.7,92.7,54.6,7917,2.5
131,"Census Tract 148, Milwaukee County, Wisconsin",55079014800,55.3,78.1,24.9,19855,7.6
132,"Census Tract 149, Milwaukee County, Wisconsin",55079014900,55.9,77.3,21.3,21063,4
133,"Census Tract 157, Milwaukee County, Wisconsin",55079015700,54.5,62.3,5.7,28839,10.8
134,"Census Tract 158, Milwaukee County, Wisconsin",55079015800,26.8,58.6,5.7,28670,5.4
135,"Census Tract 159, Milwaukee County, Wisconsin",55079015900,44.2,64.5,8.1,25432,8.2
136,"Census Tract 160, Milwaukee County, Wisconsin",55079016000,45,69.1,4.4,35777,8.9
137,"Census Tract 161, Milwaukee County, Wisconsin",55079016100,26.3,65.3,4.8,42386,5.9
138,"Census Tract 162, Milwaukee County, Wisconsin",55079016200,53.8,70.6,17.5,35102,8.1
139,"Census Tract 163, Milwaukee County, Wisconsin",55079016300,56.8,53.7,1.9,32346,13.7
140,"Census Tract 164, Milwaukee County, Wisconsin",55079016400,31.9,55.3,1.5,34702,17.7
141,"Census Tract 165, Milwaukee County, Wisconsin",55079016500,41.6,67.4,15.5,28542,10.4
142,"Census Tract 166, Milwaukee County, Wisconsin",55079016600,34.4,70,11.6,28032,6.3
143,"Census Tract 167, Milwaukee County, Wisconsin",55079016700,45.5,46.8,5.9,26458,11.9
144,"Census Tract 168, Milwaukee County, Wisconsin",55079016800,40.2,51.6,3.1,30690,6.9
145,"Census Tract 169, Milwaukee County, Wisconsin",55079016900,50.1,50.4,1.6,26646,5.1
146,"Census Tract 170, Milwaukee County, Wisconsin",55079017000,27.9,64.2,7.4,28750,5
147,"Census Tract 171, Milwaukee County, Wisconsin",55079017100,34.9,60.3,6.3,41677,5.5
148,"Census Tract 172, Milwaukee County, Wisconsin",55079017200,16.4,54.3,8.4,50169,6
149,"Census Tract 173, Milwaukee County, Wisconsin",55079017300,36.4,70.6,7.8,39762,8.4
150,"Census Tract 174, Milwaukee County, Wisconsin",55079017400,31.3,58.9,3.9,22996,4.8
151,"Census Tract 175, Milwaukee County, Wisconsin",55079017500,53.9,52.2,4.7,25845,6.1
152,"Census Tract 176, Milwaukee County, Wisconsin",55079017600,50.3,60.2,5.9,30094,8
153,"Census Tract 179, Milwaukee County, Wisconsin",55079017900,17.3,92.9,44.2,59768,4.9
154,"Census Tract 180, Milwaukee County, Wisconsin",55079018000,23.4,93.6,44.1,60066,2.3
155,"Census Tract 181, Milwaukee County, Wisconsin",55079018100,7.7,96.2,54.6,71250,3.2
156,"Census Tract 182, Milwaukee County, Wisconsin",55079018200,13.3,98.7,61.3,81607,4.6
157,"Census Tract 183, Milwaukee County, Wisconsin",55079018300,11.1,95.5,50.8,70854,5.7
158,"Census Tract 184, Milwaukee County, Wisconsin",55079018400,16.3,96.2,43.1,68929,4.8
159,"Census Tract 185, Milwaukee County, Wisconsin",55079018500,15.3,85.3,25.8,63646,2.1
160,"Census Tract 186, Milwaukee County, Wisconsin",55079018600,52.9,62.2,8.4,37000,8.5
161,"Census Tract 187, Milwaukee County, Wisconsin",55079018700,41,57,2.1,36493,1.1
162,"Census Tract 188, Milwaukee County, Wisconsin",55079018800,40.5,51.8,6.9,41938,2.6
163,"Census Tract 189, Milwaukee County, Wisconsin",55079018900,20.5,70.1,15.9,56563,3.3
164,"Census Tract 190, Milwaukee County, Wisconsin",55079019000,22,82.5,18.1,61886,1.7
165,"Census Tract 191, Milwaukee County, Wisconsin",55079019100,35.3,85.6,25.4,44890,3.4
166,"Census Tract 192, Milwaukee County, Wisconsin",55079019200,27.6,89.8,21.8,59200,6.5
167,"Census Tract 193, Milwaukee County, Wisconsin",55079019300,20.8,92,22.4,63750,2.7
168,"Census Tract 194, Milwaukee County, Wisconsin",55079019400,24.3,90.1,23.9,55375,2.2
169,"Census Tract 195, Milwaukee County, Wisconsin",55079019500,26.6,91.6,25.5,68250,5.3
170,"Census Tract 196, Milwaukee County, Wisconsin",55079019600,20.1,93,19,53486,2.1
171,"Census Tract 197, Milwaukee County, Wisconsin",55079019700,8.4,85.7,23.8,71265,2.8
172,"Census Tract 198, Milwaukee County, Wisconsin",55079019800,23.3,85.4,16,54974,3.5
173,"Census Tract 199, Milwaukee County, Wisconsin",55079019900,12.7,93.7,21.4,54605,1.8
174,"Census Tract 200, Milwaukee County, Wisconsin",55079020000,45.9,76.7,16.1,30978,6.5
175,"Census Tract 201, Milwaukee County, Wisconsin",55079020100,31.8,81.5,17.9,44442,5.4
176,"Census Tract 202, Milwaukee County, Wisconsin",55079020200,17.9,85.2,17.5,52869,3.3
177,"Census Tract 203, Milwaukee County, Wisconsin",55079020300,15.7,79.5,19.6,59524,3.7
178,"Census Tract 204, Milwaukee County, Wisconsin",55079020400,25.5,65.5,6.9,47661,6
179,"Census Tract 205, Milwaukee County, Wisconsin",55079020500,25,74,13.8,41696,3.8
180,"Census Tract 206, Milwaukee County, Wisconsin",55079020600,16.6,87.3,31.7,61452,4
181,"Census Tract 207, Milwaukee County, Wisconsin",55079020700,9.9,92.3,34.9,65000,5.4
182,"Census Tract 208, Milwaukee County, Wisconsin",55079020800,14,96.7,48.7,69464,4.7
183,"Census Tract 209, Milwaukee County, Wisconsin",55079020900,25,95.7,34.4,62273,6.3
184,"Census Tract 210, Milwaukee County, Wisconsin",55079021000,19.2,93.4,29,70560,0.5
185,"Census Tract 211, Milwaukee County, Wisconsin",55079021100,2.8,91.3,30.6,62452,0.6
186,"Census Tract 212, Milwaukee County, Wisconsin",55079021200,24.4,84.9,15.5,46953,8.1
187,"Census Tract 213, Milwaukee County, Wisconsin",55079021300,13.7,87.6,19.1,36639,7.5
188,"Census Tract 214, Milwaukee County, Wisconsin",55079021400,38.4,76.3,12.4,31140,5.7
189,"Census Tract 215, Milwaukee County, Wisconsin",55079021500,21.1,82.3,25.7,75375,6.4
190,"Census Tract 216, Milwaukee County, Wisconsin",55079021600,21.4,81.3,13.8,48688,4.9
191,"Census Tract 217, Milwaukee County, Wisconsin",55079021700,14.1,88.7,25.6,65943,4.1
192,"Census Tract 218, Milwaukee County, Wisconsin",55079021800,15.7,81.6,19.5,52750,5.9
193,"Census Tract 301, Milwaukee County, Wisconsin",55079030100,16.2,98.5,71,100455,2.7
194,"Census Tract 351, Milwaukee County, Wisconsin",55079035100,7.1,99.6,83.3,154886,1.4
195,"Census Tract 352, Milwaukee County, Wisconsin",55079035200,11.1,97,73.3,102344,0.8
196,"Census Tract 401, Milwaukee County, Wisconsin",55079040100,10.6,99.1,72.2,161719,1.8
197,"Census Tract 501.01, Milwaukee County, Wisconsin",55079050101,10.1,96.6,38.1,70813,2.7
198,"Census Tract 501.02, Milwaukee County, Wisconsin",55079050102,29.1,94.3,30.3,50989,2.7
199,"Census Tract 601.01, Milwaukee County, Wisconsin",55079060101,25,98.6,64.5,76713,1.9
200,"Census Tract 601.02, Milwaukee County, Wisconsin",55079060102,17.9,97.7,61.3,85000,1.9
201,"Census Tract 602, Milwaukee County, Wisconsin",55079060200,13.3,93.4,47.9,73750,1.4
202,"Census Tract 701, Milwaukee County, Wisconsin",55079070100,7.8,98.3,74.5,121146,2.1
203,"Census Tract 702, Milwaukee County, Wisconsin",55079070200,8.5,99.3,84.5,171533,0
204,"Census Tract 703, Milwaukee County, Wisconsin",55079070300,10.5,94.8,68.3,94957,4.5
205,"Census Tract 801, Milwaukee County, Wisconsin",55079080100,13.8,99.6,70.7,73194,3.6
206,"Census Tract 802, Milwaukee County, Wisconsin",55079080200,20.1,97.9,70.3,72750,2.7
207,"Census Tract 803, Milwaukee County, Wisconsin",55079080300,12.9,98.8,86,142917,3.5
208,"Census Tract 804, Milwaukee County, Wisconsin",55079080400,27.6,98.3,63.5,46111,2.4
209,"Census Tract 901, Milwaukee County, Wisconsin",55079090100,13.4,93.8,43.3,69219,1.3
210,"Census Tract 902, Milwaukee County, Wisconsin",55079090200,13.9,96.3,58.7,90341,3.9
211,"Census Tract 903, Milwaukee County, Wisconsin",55079090300,18.8,97.2,55.7,62428,1.6
212,"Census Tract 906, Milwaukee County, Wisconsin",55079090600,23.2,95.7,48,66544,3.1
213,"Census Tract 907, Milwaukee County, Wisconsin",55079090700,1.8,98.8,77,137800,2
214,"Census Tract 908, Milwaukee County, Wisconsin",55079090800,14.2,99.4,75.9,111528,5
215,"Census Tract 909, Milwaukee County, Wisconsin",55079090900,15.9,97.1,55.8,91844,1.8
216,"Census Tract 910, Milwaukee County, Wisconsin",55079091000,16.8,97.1,64.1,88699,3.7
217,"Census Tract 911, Milwaukee County, Wisconsin",55079091100,7.8,99.7,70,107880,3.1
218,"Census Tract 912, Milwaukee County, Wisconsin",55079091200,29.6,96.4,53.3,59893,0.8
219,"Census Tract 913, Milwaukee County, Wisconsin",55079091300,26.5,99,65.3,101250,0.7
220,"Census Tract 914, Milwaukee County, Wisconsin",55079091400,9.8,97.6,58.3,92348,1.3
221,"Census Tract 1001, Milwaukee County, Wisconsin",55079100100,29,86.4,20,48346,4.2
222,"Census Tract 1002, Milwaukee County, Wisconsin",55079100200,27.1,89.3,19.3,44400,10.3
223,"Census Tract 1003, Milwaukee County, Wisconsin",55079100300,20.9,89.6,23.2,46188,4.4
224,"Census Tract 1004, Milwaukee County, Wisconsin",55079100400,26,94.2,28.3,43663,0.2
225,"Census Tract 1005, Milwaukee County, Wisconsin",55079100500,21.6,90.2,31.4,47500,4.9
226,"Census Tract 1006, Milwaukee County, Wisconsin",55079100600,14.3,94.9,13.8,47417,3.3
227,"Census Tract 1007, Milwaukee County, Wisconsin",55079100700,2.5,92.5,22.1,67974,3.5
228,"Census Tract 1008, Milwaukee County, Wisconsin",55079100800,12.6,97,28.4,62694,7.5
229,"Census Tract 1009, Milwaukee County, Wisconsin",55079100900,17.8,89.2,33.3,51525,3
230,"Census Tract 1010, Milwaukee County, Wisconsin",55079101000,20.1,96.4,35.2,52698,0.3
231,"Census Tract 1011, Milwaukee County, Wisconsin",55079101100,11.8,92,23.1,52353,4.9
232,"Census Tract 1012, Milwaukee County, Wisconsin",55079101200,18.1,92.9,24.2,53556,3.1
233,"Census Tract 1013, Milwaukee County, Wisconsin",55079101300,19.4,93.9,19.3,51477,3.2
234,"Census Tract 1014, Milwaukee County, Wisconsin",55079101400,19.2,92.4,24.3,46401,3.3
235,"Census Tract 1015, Milwaukee County, Wisconsin",55079101500,25,93.2,19.9,53069,3.6
236,"Census Tract 1016, Milwaukee County, Wisconsin",55079101600,21.4,96.6,22.3,61849,3.5
237,"Census Tract 1017, Milwaukee County, Wisconsin",55079101700,25.8,96.7,24.4,61298,1.3
238,"Census Tract 1018, Milwaukee County, Wisconsin",55079101800,13.6,88.5,18.5,57404,3
239,"Census Tract 1101, Milwaukee County, Wisconsin",55079110100,31.8,85.6,18.4,41591,9
240,"Census Tract 1201.01, Milwaukee County, Wisconsin",55079120101,16.5,95.2,38.3,71943,2.5
241,"Census Tract 1201.02, Milwaukee County, Wisconsin",55079120102,16.2,94.8,40.6,80313,3.1
242,"Census Tract 1202.01, Milwaukee County, Wisconsin",55079120201,18.4,90.6,24.7,48929,2.3
243,"Census Tract 1202.02, Milwaukee County, Wisconsin",55079120202,6.9,92.9,24,53050,1.8
244,"Census Tract 1202.03, Milwaukee County, Wisconsin",55079120203,20.9,90.9,24.8,54922,6.1
245,"Census Tract 1203, Milwaukee County, Wisconsin",55079120300,15.6,94.8,27.6,61016,6.1
246,"Census Tract 1204, Milwaukee County, Wisconsin",55079120400,13.3,91.9,22.6,55965,5
247,"Census Tract 1205.01, Milwaukee County, Wisconsin",55079120501,15.3,94.8,31.4,68848,2.3
248,"Census Tract 1205.02, Milwaukee County, Wisconsin",55079120502,14.8,92.8,33.6,55377,2.4
249,"Census Tract 1301, Milwaukee County, Wisconsin",55079130100,15,94.6,40.2,79911,1
250,"Census Tract 1302, Milwaukee County, Wisconsin",55079130200,17.5,95.2,33.4,74375,3
251,"Census Tract 1401, Milwaukee County, Wisconsin",55079140100,15,98,57.6,76369,1.4
252,"Census Tract 1402.01, Milwaukee County, Wisconsin",55079140201,21.9,94.6,40.3,67409,3.3
253,"Census Tract 1402.02, Milwaukee County, Wisconsin",55079140202,15.2,96.3,45.4,73451,2.5
254,"Census Tract 1501, Milwaukee County, Wisconsin",55079150100,13,94.9,39.8,67873,2.9
255,"Census Tract 1503.01, Milwaukee County, Wisconsin",55079150301,14.2,96.3,41,88671,4.3
256,"Census Tract 1503.03, Milwaukee County, Wisconsin",55079150303,17,93.2,42.2,74063,3.9
257,"Census Tract 1503.04, Milwaukee County, Wisconsin",55079150304,8.8,96.3,49.3,72292,2.5
258,"Census Tract 1601, Milwaukee County, Wisconsin",55079160100,14.4,98.2,29,63261,5.4
259,"Census Tract 1602.02, Milwaukee County, Wisconsin",55079160202,27.9,89.8,25.6,74844,1.7
260,"Census Tract 1602.03, Milwaukee County, Wisconsin",55079160203,14.4,93.9,37,74142,2.4
261,"Census Tract 1602.04, Milwaukee County, Wisconsin",55079160204,19.4,99,41.6,60933,2.6
262,"Census Tract 1603, Milwaukee County, Wisconsin",55079160300,8.9,94.1,37.7,111277,3.3
263,"Census Tract 1701, Milwaukee County, Wisconsin",55079170100,20.9,95.7,36.5,65750,4.3
264,"Census Tract 1702, Milwaukee County, Wisconsin",55079170200,25.8,91.5,22.4,41679,4.6
265,"Census Tract 1703, Milwaukee County, Wisconsin",55079170300,27.1,91.3,16.2,50147,5.3
266,"Census Tract 1704, Milwaukee County, Wisconsin",55079170400,8,92,29.6,78214,2.8
267,"Census Tract 1705, Milwaukee County, Wisconsin",55079170500,22,86.6,19.4,48398,6.5
268,"Census Tract 1706, Milwaukee County, Wisconsin",55079170600,23.8,88.3,17.5,45446,6.6
269,"Census Tract 1707, Milwaukee County, Wisconsin",55079170700,24.5,88.3,17.6,59063,1.6
270,"Census Tract 1801, Milwaukee County, Wisconsin",55079180100,11.4,92.2,27.1,62175,2.9
271,"Census Tract 1802, Milwaukee County, Wisconsin",55079180200,27.8,94.9,25.9,50966,0
272,"Census Tract 1803, Milwaukee County, Wisconsin",55079180300,19.8,91.7,20.8,45536,5
273,"Census Tract 1804, Milwaukee County, Wisconsin",55079180400,16.4,91.4,14.7,56522,3.7
274,"Census Tract 1805, Milwaukee County, Wisconsin",55079180500,11.6,93,19.1,59313,3.4
275,"Census Tract 1851, Milwaukee County, Wisconsin",55079185100,18.2,91.2,36.8,44810,2.8
276,"Census Tract 1852, Milwaukee County, Wisconsin",55079185200,15.7,95.2,23.8,43555,0.8
277,"Census Tract 1853, Milwaukee County, Wisconsin",55079185300,17.2,96.1,54.4,69432,1.4
278,"Census Tract 1854, Milwaukee County, Wisconsin",55079185400,72.9,79.3,9.7,22434,28.6
279,"Census Tract 1855, Milwaukee County, Wisconsin",55079185500,54,76.3,7.7,21250,11
280,"Census Tract 1856, Milwaukee County, Wisconsin",55079185600,39.3,82.1,27.4,35227,3.8
281,"Census Tract 1857, Milwaukee County, Wisconsin",55079185700,37.7,86.8,12.1,28945,19.5
282,"Census Tract 1858, Milwaukee County, Wisconsin",55079185800,56.4,88.9,12,40028,16.1
283,"Census Tract 1859, Milwaukee County, Wisconsin",55079185900,25.4,84.8,28.5,56250,11.3
284,"Census Tract 1860, Milwaukee County, Wisconsin",55079186000,52.2,63.4,18.4,15889,8.4
285,"Census Tract 1861, Milwaukee County, Wisconsin",55079186100,50.9,73.7,6.5,18095,10.5
286,"Census Tract 1862, Milwaukee County, Wisconsin",55079186200,57.8,65.4,11.5,20069,16
287,"Census Tract 1863, Milwaukee County, Wisconsin",55079186300,31.6,81.7,31.3,61929,4.7
288,"Census Tract 1864, Milwaukee County, Wisconsin",55079186400,62.5,94.2,57.3,11836,6
289,"Census Tract 1865, Milwaukee County, Wisconsin",55079186500,30.6,77,34.1,42813,2.5
290,"Census Tract 1866, Milwaukee County, Wisconsin",55079186600,53,69.2,11.1,35724,6.1
291,"Census Tract 1868, Milwaukee County, Wisconsin",55079186800,43.6,73.8,16.8,18846,15.7
292,"Census Tract 1869, Milwaukee County, Wisconsin",55079186900,16,98.7,75.8,60682,1.5
293,"Census Tract 1870, Milwaukee County, Wisconsin",55079187000,14.7,96,70,59923,1.7
294,"Census Tract 1872, Milwaukee County, Wisconsin",55079187200,19.9,87.4,33,95236,3.9
295,"Census Tract 1873, Milwaukee County, Wisconsin",55079187300,17.8,96,43.3,105391,3.2
296,"Census Tract 1874, Milwaukee County, Wisconsin",55079187400,21,99,75.5,88144,1.3
297,"Census Tract 9800, Milwaukee County, Wisconsin",55079980000,-,-,-,-,-
298,"Census Tract 9900, Milwaukee County, Wisconsin",55079990000,-,-,-,-,-
